[{"Name":"Geometry","Subject":"Geometry","Creator":"Toha229","ScoreBoard":[{"Item1":17,"Item2":"Toha229"},{"Item1":13,"Item2":"Dudawe"},{"Item1":9,"Item2":"Olegat0r"},{"Item1":0,"Item2":"Stac123"}],"Questions":[{"Name":"the area of a right triangle","Answers":[{"Item1":"S = 1/2ab sin(Y)","Item2":false},{"Item1":"S = 1/2ab","Item2":true},{"Item1":"S = ab","Item2":false}],"mark":-1},{"Name":"the area of a cube","Answers":[{"Item1":"S = 1/2ab sin(Y)","Item2":false},{"Item1":"S = 1/2ab","Item2":false},{"Item1":"S = 4a","Item2":true}],"mark":-1},{"Name":"the area of a square","Answers":[{"Item1":"S = 1/2ab sin(Y)","Item2":false},{"Item1":"S = 1/2ab","Item2":false},{"Item1":"S = ab","Item2":true}],"mark":-1},{"Name":"the area of a right triangle","Answers":[{"Item1":"S = 1/2ab sin(Y)","Item2":false},{"Item1":"S = 1/2ab","Item2":true},{"Item1":"S = ab","Item2":false}],"mark":-1},{"Name":"the area of a right triangle","Answers":[{"Item1":"S = 1/2ab sin(Y)","Item2":false},{"Item1":"S = 1/2ab","Item2":true},{"Item1":"S = ab","Item2":false}],"mark":-1},{"Name":"the area of a right triangle","Answers":[{"Item1":"S = 1/2ab sin(Y)","Item2":false},{"Item1":"S = 1/2ab","Item2":true},{"Item1":"S = ab","Item2":false}],"mark":-1},{"Name":"S = a * h is square of:","Answers":[{"Item1":"Cube","Item2":false},{"Item1":"Triangle","Item2":true},{"Item1":"circle","Item2":false}],"mark":-1},{"Name":"","Answers":[{"Item1":"S = 1/2ab sin(Y)","Item2":false}],"mark":-1},{"Name":"","Answers":[{"Item1":"S = 1/2ab sin(Y)","Item2":false}],"mark":-1},{"Name":"","Answers":[{"Item1":"S = 1/2ab sin(Y)","Item2":false}],"mark":-1},{"Name":"","Answers":[{"Item1":"S = 1/2ab sin(Y)","Item2":false}],"mark":-1},{"Name":"","Answers":[{"Item1":"S = 1/2ab sin(Y)","Item2":false}],"mark":-1},{"Name":"","Answers":[{"Item1":"S = 1/2ab sin(Y)","Item2":false}],"mark":-1},{"Name":"","Answers":[{"Item1":"S = 1/2ab sin(Y)","Item2":false}],"mark":-1},{"Name":"","Answers":[{"Item1":"S = 1/2ab sin(Y)","Item2":false}],"mark":-1},{"Name":"","Answers":[{"Item1":"S = 1/2ab sin(Y)","Item2":false}],"mark":-1},{"Name":"","Answers":[{"Item1":"S = 1/2ab sin(Y)","Item2":false}],"mark":-1},{"Name":"","Answers":[{"Item1":"S = 1/2ab sin(Y)","Item2":false}],"mark":-1},{"Name":"","Answers":[{"Item1":"S = 1/2ab sin(Y)","Item2":false}],"mark":-1},{"Name":"","Answers":[{"Item1":"S = 1/2ab sin(Y)","Item2":false}],"mark":-1}]},{"Name":"Capitals","Subject":"Geography","Creator":"Toha229","ScoreBoard":[{"Item1":17,"Item2":"Toha229"}],"Questions":[{"Name":"Capital of Ukraine","Answers":[{"Item1":"Berlin","Item2":false},{"Item1":"Kiev","Item2":true},{"Item1":"Moskva","Item2":false}],"mark":-1},{"Name":"Capital of Russia","Answers":[{"Item1":"Moskva","Item2":false},{"Item1":"Berlin","Item2":false},{"Item1":"None","Item2":true}],"mark":-1},{"Name":"Capital of Poland","Answers":[{"Item1":"Warszawa","Item2":true},{"Item1":"Berlin","Item2":false},{"Item1":"Praha","Item2":false}],"mark":-1},{"Name":"Capital of Ugorschina","Answers":[{"Item1":"Warshawa","Item2":false},{"Item1":"Budapest","Item2":true},{"Item1":"Wien","Item2":false}],"mark":-1},{"Name":"Capital of Deutschland","Answers":[{"Item1":"Warshawa","Item2":false},{"Item1":"Kiev","Item2":false},{"Item1":"Berlin","Item2":true}],"mark":-1},{"Name":"Turkiye","Answers":[{"Item1":"Ankara","Item2":true},{"Item1":"Berlin","Item2":false},{"Item1":"Warshawa","Item2":false}],"mark":-1},{"Name":"Latvija","Answers":[{"Item1":"Riga","Item2":true},{"Item1":"Kiev","Item2":false},{"Item1":"Berlin","Item2":false}],"mark":-1},{"Name":"Aserbaidschan","Answers":[{"Item1":"Tegeran","Item2":false},{"Item1":"Baki","Item2":true},{"Item1":"Moskwa","Item2":false}],"mark":-1},{"Name":"Capital of Japan","Answers":[{"Item1":"Osaka","Item2":false},{"Item1":"Tokyo","Item2":true},{"Item1":"Pekin","Item2":false}],"mark":-1},{"Name":"Capital of China","Answers":[{"Item1":"Pekin","Item2":true},{"Item1":"Tokio","Item2":false},{"Item1":"Moskwa","Item2":false}],"mark":-1},{"Name":"Capital of Greate Britan","Answers":[{"Item1":"London","Item2":true},{"Item1":"Washington","Item2":false},{"Item1":"Manchester","Item2":false}],"mark":-1},{"Name":"Capital of USA","Answers":[{"Item1":"Washington","Item2":true},{"Item1":"Dallas","Item2":false},{"Item1":"Houston","Item2":false}],"mark":-1},{"Name":"Capital of Canada","Answers":[{"Item1":"Toronto","Item2":false},{"Item1":"Montreal","Item2":false},{"Item1":"Ottawa","Item2":true}],"mark":-1},{"Name":"Greenland","Answers":[{"Item1":"Nuuk","Item2":true},{"Item1":"Kiev","Item2":false},{"Item1":"Berlin","Item2":false}],"mark":-1},{"Name":"Capital of Irland","Answers":[{"Item1":"Dublin","Item2":true},{"Item1":"London","Item2":false},{"Item1":"Washington","Item2":false}],"mark":-1},{"Name":"Capital of Spain","Answers":[{"Item1":"Hybraltar","Item2":false},{"Item1":"Murcia","Item2":false},{"Item1":"Madrid","Item2":true},{"Item1":"Madagaskar","Item2":false}],"mark":-1},{"Name":"Capital of Venezuela","Answers":[{"Item1":"Caracas","Item2":true},{"Item1":"Valencia","Item2":false},{"Item1":"Barcelona","Item2":false}],"mark":-1},{"Name":"Capital of Vjetnam","Answers":[{"Item1":"Hanoi","Item2":true},{"Item1":"Kiev","Item2":false},{"Item1":"Sanya","Item2":false}],"mark":-1},{"Name":"Capital of Honduras","Answers":[{"Item1":"Tegusigalpa","Item2":true},{"Item1":"San Pedro Sula","Item2":false},{"Item1":"Auas","Item2":false}],"mark":-1},{"Name":"Capital of Mdaagaskar","Answers":[{"Item1":"Gogogogo","Item2":false},{"Item1":"Ihosy","Item2":false},{"Item1":"Antanarivo","Item2":true}],"mark":-1}]}]